{
  "mae": 5.762877812878839,
  "r2": 0.8911707327594083,
  "n_train": 173,
  "n_test": 58,
  "feature_importance": {
    "oferta": 0.02833210490643978,
    "demanda": 0.16877000033855438,
    "poblacion": 0.028801213949918747,
    "precip_anual": 0.6140496730804443,
    "escorrentia_mm": 0.14409998059272766,
    "area_km2": 0.01594703644514084
  }
}